vehicle_id,trip_id,start_time,end_time,distance_km,driving_mode
1001,T_1001_1767622302,2026-01-05 19:41:42.645080,2026-01-06 03:21:00.645602,509.8206908765744,city
1001,T_1001_1767664319,2026-01-06 07:21:59.229124,2026-01-06 09:30:43.358884,81.99011381269197,mixed
1001,T_1001_1767709131,2026-01-06 19:48:51.274008,2026-01-06 23:35:40.298954,239.68614246847267,highway
1001,T_1001_1767732251,2026-01-07 02:14:11.820689,2026-01-07 07:18:37.500017,220.45492866346586,idle
1001,T_1001_1767762315,2026-01-07 10:35:15.185428,2026-01-07 17:22:12.089710,468.67843794702753,idle
1001,T_1001_1767818921,2026-01-08 02:18:41.510356,2026-01-08 06:54:00.410135,207.7046713533768,highway
1001,T_1001_1767862530,2026-01-08 14:25:30.444962,2026-01-08 19:03:58.726248,172.39139615052926,idle
1001,T_1001_1767893467,2026-01-08 23:01:07.387954,2026-01-09 02:26:10.005151,159.86746199988798,mixed
1001,T_1001_1767918743,2026-01-09 06:02:23.159771,2026-01-09 11:45:19.024291,222.69179746037312,city
1001,T_1001_1767955398,2026-01-09 16:13:18.734460,2026-01-09 20:31:06.932821,271.10458867399603,idle
1001,T_1001_1767999459,2026-01-10 04:27:39.638604,2026-01-10 09:40:59.021631,334.8724854380004,city
1001,T_1001_1768049328,2026-01-10 18:18:48.000965,2026-01-11 00:04:00.479398,440.6408342929472,mixed
1001,T_1001_1768108547,2026-01-11 10:45:47.868051,2026-01-11 12:22:48.855712,111.3100932519748,mixed
1001,T_1001_1768125153,2026-01-11 15:22:33.725399,2026-01-11 16:29:17.634942,86.95630623214463,highway
1001,T_1001_1768137740,2026-01-11 18:52:20.066526,2026-01-11 22:26:59.969232,282.4691177727366,city
1001,T_1001_1768170094,2026-01-12 03:51:34.600283,2026-01-12 11:50:35.941317,344.71704962312225,highway
1001,T_1001_1768219578,2026-01-12 17:36:18.798193,2026-01-12 21:10:35.779178,201.05935735185804,mixed
1001,T_1001_1768246514,2026-01-13 01:05:14.016194,2026-01-13 07:37:14.959104,344.30702140900894,highway
1001,T_1001_1768295304,2026-01-13 14:38:24.640012,2026-01-13 19:52:32.435599,303.6302728763645,city
1001,T_1001_1768352707,2026-01-14 06:35:07.269194,2026-01-14 09:58:54.088072,232.61052647954077,city
1001,T_1001_1768404837,2026-01-14 21:03:57.839795,2026-01-14 22:47:50.743777,114.29310001030987,city
1001,T_1001_1768452930,2026-01-15 10:25:30.996864,2026-01-15 12:18:42.724860,96.27559657108478,city
1001,T_1001_1768473395,2026-01-15 16:06:35.446146,2026-01-15 20:23:02.953566,335.1212121364732,idle
1001,T_1001_1768515197,2026-01-16 03:43:17.068458,2026-01-16 05:43:41.697127,61.13255897103708,mixed
1001,T_1001_1768562748,2026-01-16 16:55:48.788626,2026-01-16 18:16:27.583421,78.86560671978145,mixed
1001,T_1001_1768574979,2026-01-16 20:19:39.254282,2026-01-17 01:16:52.697187,232.62820510445837,highway
1001,T_1001_1768619268,2026-01-17 08:37:48.116394,2026-01-17 15:45:58.388989,539.6687963680662,highway
1001,T_1001_1768679665,2026-01-18 01:24:25.736997,2026-01-18 06:44:33.389907,221.99082460233848,highway
1001,T_1001_1768726799,2026-01-18 14:29:59.284899,2026-01-18 19:35:00.617954,343.146686397125,city
1001,T_1001_1768757678,2026-01-18 23:04:38.461638,2026-01-19 03:21:41.446062,306.5590662785407,highway
1001,T_1001_1768798516,2026-01-19 10:25:16.845912,2026-01-19 14:12:42.607559,136.38757571562994,city
1001,T_1001_1768839713,2026-01-19 21:51:53.010117,2026-01-20 00:36:20.043716,141.38868290104742,city
1001,T_1001_1768866779,2026-01-20 05:22:59.549497,2026-01-20 08:41:30.907880,206.85489307010224,idle
1001,T_1001_1768898292,2026-01-20 14:08:12.974665,2026-01-20 19:30:59.787617,406.2756812827672,highway
1001,T_1001_1768941701,2026-01-21 02:11:41.956089,2026-01-21 06:07:50.580006,153.153931431073,mixed
1001,T_1001_1768971249,2026-01-21 10:24:09.465121,2026-01-21 11:25:52.821672,48.5003463645991,mixed
1001,T_1001_1769000303,2026-01-21 18:28:23.187204,2026-01-22 01:25:01.430435,290.1331981898018,mixed
1001,T_1001_1769067678,2026-01-22 13:11:18.662416,2026-01-22 19:45:52.502104,333.0751616473603,highway
1001,T_1001_1769109592,2026-01-23 00:49:52.572795,2026-01-23 08:33:44.362865,455.541946183442,mixed
1001,T_1001_1769149217,2026-01-23 11:50:17.647479,2026-01-23 15:52:01.811328,146.4624926125171,city
1001,T_1001_1769192651,2026-01-23 23:54:11.480456,2026-01-24 07:25:18.344387,545.2329475634434,highway
1001,T_1001_1769248824,2026-01-24 15:30:24.788718,2026-01-24 19:15:40.498593,293.7457690182346,city
1001,T_1001_1769282544,2026-01-25 00:52:24.517061,2026-01-25 03:41:48.804053,205.76372625399944,highway
1001,T_1001_1769307653,2026-01-25 07:50:53.492204,2026-01-25 12:42:35.817211,292.1343312104517,mixed
1001,T_1001_1769360834,2026-01-25 22:37:14.903186,2026-01-26 02:06:18.832763,270.7638697363999,mixed
1001,T_1001_1769408519,2026-01-26 11:51:59.511777,2026-01-26 19:32:25.871759,260.51157304249256,city
1001,T_1001_1769478066,2026-01-27 07:11:06.405417,2026-01-27 14:20:18.011108,445.0844913778087,highway
1001,T_1001_1769524189,2026-01-27 19:59:49.392421,2026-01-28 02:33:09.749943,438.54837863721605,mixed
1001,T_1001_1769574407,2026-01-28 09:56:47.234061,2026-01-28 13:36:25.905229,175.69876288400377,city
1001,T_1001_1769600267,2026-01-28 17:07:47.269913,2026-01-28 18:26:37.699985,58.63134795294594,mixed
1001,T_1001_1769638078,2026-01-29 03:37:58.453337,2026-01-29 08:03:48.738756,299.3049966426794,city
1001,T_1001_1769669747,2026-01-29 12:25:47.906480,2026-01-29 20:04:17.687388,448.78319751685643,idle
1001,T_1001_1769722365,2026-01-30 03:02:45.406915,2026-01-30 09:04:28.895440,429.27815986708254,highway
1001,T_1001_1769786875,2026-01-30 20:57:55.558589,2026-01-31 03:02:39.801562,197.34686003711295,idle
1001,T_1001_1769818925,2026-01-31 05:52:05.526635,2026-01-31 11:33:45.597842,355.02897359357866,highway
1001,T_1001_1769878191,2026-01-31 22:19:51.816461,2026-02-01 01:55:33.798265,181.06978487264746,city
1001,T_1001_1769910959,2026-02-01 07:25:59.600095,2026-02-01 11:27:15.804442,270.0367302885448,city
1001,T_1001_1769956511,2026-02-01 20:05:11.520225,2026-02-02 00:34:05.091014,283.6355903636395,highway
1001,T_1001_1769985080,2026-02-02 04:01:20.072417,2026-02-02 09:50:57.924133,212.57036852306388,highway
1001,T_1001_1770018976,2026-02-02 13:26:16.133450,2026-02-02 21:04:14.711977,543.5624336105103,mixed
1001,T_1001_1770080957,2026-02-03 06:39:17.478832,2026-02-03 09:44:59.155729,217.63414445302888,city
1001,T_1001_1770123137,2026-02-03 18:22:17.108498,2026-02-03 22:19:26.001912,262.9381260602167,idle
1001,T_1001_1770176167,2026-02-04 09:06:07.492125,2026-02-04 15:46:44.472206,225.63172203910506,highway
1002,T_1002_1767622302,2026-01-05 19:41:42.677044,2026-01-06 00:01:06.351530,212.76419959135416,highway
1002,T_1002_1767666385,2026-01-06 07:56:25.558010,2026-01-06 09:07:44.817957,41.04490250107892,highway
1002,T_1002_1767699452,2026-01-06 17:07:32.377259,2026-01-06 23:07:21.978000,196.9304973504974,city
1002,T_1002_1767729583,2026-01-07 01:29:43.237585,2026-01-07 08:23:48.816296,224.8175247487517,highway
1002,T_1002_1767794794,2026-01-07 19:36:34.706088,2026-01-08 00:55:48.473135,351.54893937326716,highway
1002,T_1002_1767843328,2026-01-08 09:05:28.296576,2026-01-08 11:11:21.965525,152.45427276641854,city
1002,T_1002_1767884983,2026-01-08 20:39:43.649100,2026-01-09 04:04:40.388571,347.48958596857074,city
1002,T_1002_1767929773,2026-01-09 09:06:13.954024,2026-01-09 17:00:15.259002,434.8426839973781,city
1002,T_1002_1767983248,2026-01-09 23:57:28.932424,2026-01-10 03:18:20.548951,220.20506333870276,city
1002,T_1002_1768005272,2026-01-10 06:04:32.674681,2026-01-10 12:21:05.811175,473.64885178123143,city
1002,T_1002_1768058079,2026-01-10 20:44:39.263410,2026-01-11 01:09:39.524325,154.3090991780453,city
1002,T_1002_1768116245,2026-01-11 12:54:05.976515,2026-01-11 20:27:10.123869,468.90167581968853,highway
1002,T_1002_1768185193,2026-01-12 08:03:13.806845,2026-01-12 13:56:03.400410,412.60747084547995,city
1002,T_1002_1768242795,2026-01-13 00:03:15.542228,2026-01-13 03:15:37.158316,167.3264235326794,city
1002,T_1002_1768274660,2026-01-13 08:54:20.559980,2026-01-13 11:09:22.872754,104.82161672667027,mixed
1002,T_1002_1768300247,2026-01-13 16:00:47.179531,2026-01-13 17:52:43.729995,82.80432879473896,idle
1002,T_1002_1768346966,2026-01-14 04:59:26.055486,2026-01-14 08:00:41.397516,214.31379730773287,highway
1002,T_1002_1768376508,2026-01-14 13:11:48.530387,2026-01-14 20:42:10.222427,503.8447646679393,highway
1002,T_1002_1768417661,2026-01-15 00:37:41.917947,2026-01-15 01:50:35.519814,70.86450400135826,city
1002,T_1002_1768437406,2026-01-15 06:06:46.066429,2026-01-15 08:00:38.656762,102.73655257594466,highway
1002,T_1002_1768480951,2026-01-15 18:12:31.540699,2026-01-15 20:34:16.957693,135.6512561406596,idle
1002,T_1002_1768511507,2026-01-16 02:41:47.503229,2026-01-16 07:39:54.809890,368.99093242375676,highway
1002,T_1002_1768553032,2026-01-16 14:13:52.124130,2026-01-16 21:07:52.879477,215.37954287938288,highway
1002,T_1002_1768589758,2026-01-17 00:25:58.947082,2026-01-17 05:44:07.087551,220.12675662861412,city
1002,T_1002_1768646204,2026-01-17 16:06:44.754182,2026-01-17 19:06:08.776590,113.28268226343603,highway
1002,T_1002_1768664788,2026-01-17 21:16:28.888375,2026-01-18 02:04:37.362252,294.1886479002723,mixed
1002,T_1002_1768719304,2026-01-18 12:25:04.666919,2026-01-18 18:59:07.883193,266.43199262716007,highway
1002,T_1002_1768783666,2026-01-19 06:17:46.481387,2026-01-19 07:19:35.680962,42.90904224266205,city
1002,T_1002_1768815971,2026-01-19 15:16:11.140163,2026-01-19 23:12:01.884790,628.5191369373329,city
1002,T_1002_1768876919,2026-01-20 08:11:59.443474,2026-01-20 12:39:41.831924,266.74384075928504,mixed
1002,T_1002_1768903011,2026-01-20 15:26:51.767571,2026-01-20 20:18:40.555962,167.35450825047184,highway
1002,T_1002_1768934234,2026-01-21 00:07:14.574315,2026-01-21 07:45:44.340635,585.840644778552,highway
1002,T_1002_1768977798,2026-01-21 12:13:18.645540,2026-01-21 17:58:29.011417,348.30555267664164,highway
1002,T_1002_1769031073,2026-01-22 03:01:13.329676,2026-01-22 04:53:49.940376,116.7919470978328,highway
1002,T_1002_1769072085,2026-01-22 14:24:45.161179,2026-01-22 16:01:27.263167,89.68224092289537,highway
1002,T_1002_1769120056,2026-01-23 03:44:16.914916,2026-01-23 06:20:00.366391,119.30382590724876,mixed
1002,T_1002_1769162674,2026-01-23 15:34:34.138975,2026-01-23 18:36:20.700480,124.52454778394244,mixed
1002,T_1002_1769214970,2026-01-24 06:06:10.150543,2026-01-24 08:18:04.200489,111.79825086564757,city
1002,T_1002_1769254961,2026-01-24 17:12:41.118010,2026-01-24 21:10:04.426439,226.54125441772538,city
1002,T_1002_1769279062,2026-01-24 23:54:22.485147,2026-01-25 05:56:00.494693,267.993099301461,highway
1002,T_1002_1769338063,2026-01-25 16:17:43.198192,2026-01-25 19:04:42.552388,141.5379500964478,city
1002,T_1002_1769387288,2026-01-26 05:58:08.958258,2026-01-26 07:52:39.547248,116.07140258743875,city
1002,T_1002_1769424799,2026-01-26 16:23:19.279347,2026-01-26 19:05:25.700162,96.6340328845358,highway
1002,T_1002_1769457336,2026-01-27 01:25:36.239170,2026-01-27 05:44:02.027563,343.9187841586664,highway
1002,T_1002_1769507041,2026-01-27 15:14:01.411838,2026-01-27 16:39:54.078908,50.99083978504744,city
1002,T_1002_1769535894,2026-01-27 23:14:54.427538,2026-01-28 01:14:56.593555,152.16662382795386,mixed
1002,T_1002_1769556245,2026-01-28 04:54:05.946882,2026-01-28 08:22:37.825478,150.14046164506235,city
1002,T_1002_1769610891,2026-01-28 20:04:51.618520,2026-01-28 21:27:59.404149,107.09034768803281,highway
1002,T_1002_1769637164,2026-01-29 03:22:44.932538,2026-01-29 08:40:42.559508,259.3593797153269,idle
1002,T_1002_1769681838,2026-01-29 15:47:18.055774,2026-01-29 19:07:11.128882,139.0653098949183,highway
1002,T_1002_1769721251,2026-01-30 02:44:11.506117,2026-01-30 03:47:57.761400,48.96720022595039,idle
1002,T_1002_1769740482,2026-01-30 08:04:42.547220,2026-01-30 13:22:26.665062,226.39402592977123,idle
1002,T_1002_1769776252,2026-01-30 18:00:52.671656,2026-01-30 22:48:27.345351,242.39431200518334,highway
1002,T_1002_1769822543,2026-01-31 06:52:23.063951,2026-01-31 10:11:19.037845,252.96275654113782,highway
1002,T_1002_1769856655,2026-01-31 16:20:55.640626,2026-01-31 17:28:24.650307,46.39303121207685,highway
1002,T_1002_1769902809,2026-02-01 05:10:09.543053,2026-02-01 07:00:29.316910,102.06981340675296,city
1002,T_1002_1769940029,2026-02-01 15:30:29.306201,2026-02-01 21:11:33.560052,215.35026380986443,city
1002,T_1002_1769999364,2026-02-02 07:59:24.364673,2026-02-02 12:57:32.815794,273.96630674466945,idle
1002,T_1002_1770058398,2026-02-03 00:23:18.184927,2026-02-03 03:26:35.196664,194.69369889954953,highway
1002,T_1002_1770097915,2026-02-03 11:21:55.524727,2026-02-03 16:57:08.590183,379.34085652497413,mixed
1002,T_1002_1770129101,2026-02-03 20:01:41.037169,2026-02-04 03:48:50.519413,301.5526739328328,city
1002,T_1002_1770174077,2026-02-04 08:31:17.812573,2026-02-04 11:31:23.050875,175.64734010135592,highway
1003,T_1003_1767622302,2026-01-05 19:41:42.715696,2026-01-05 23:20:49.214330,135.75880323298597,highway
1003,T_1003_1767650634,2026-01-06 03:33:54.800983,2026-01-06 06:01:10.274500,78.16916821809906,city
1003,T_1003_1767692633,2026-01-06 15:13:53.519735,2026-01-06 19:43:11.488211,153.81112770685192,mixed
1003,T_1003_1767747172,2026-01-07 06:22:52.228678,2026-01-07 07:40:06.442749,70.5627961508092,city
1003,T_1003_1767792566,2026-01-07 18:59:26.135547,2026-01-07 20:25:46.833026,71.46725811046453,city
1003,T_1003_1767815203,2026-01-08 01:16:43.380422,2026-01-08 04:23:08.156084,151.94644350258383,highway
1003,T_1003_1767858078,2026-01-08 13:11:18.027231,2026-01-08 17:08:14.023066,123.51667118754453,highway
1003,T_1003_1767880988,2026-01-08 19:33:08.233302,2026-01-08 23:32:38.273679,237.56746869327822,mixed
1003,T_1003_1767925909,2026-01-09 08:01:49.657789,2026-01-09 13:56:24.424016,439.18570246403175,mixed
1003,T_1003_1767979611,2026-01-09 22:56:51.035527,2026-01-10 01:11:32.083241,123.8881882922804,city
1003,T_1003_1768014517,2026-01-10 08:38:37.245202,2026-01-10 15:27:53.224171,293.2030997245746,highway
1003,T_1003_1768077766,2026-01-11 02:12:46.128770,2026-01-11 07:47:45.146750,394.26792358141586,highway
1003,T_1003_1768134491,2026-01-11 17:58:11.694754,2026-01-11 19:55:04.544611,144.32268550265118,mixed
1003,T_1003_1768175122,2026-01-12 05:15:22.372347,2026-01-12 10:16:09.856531,167.91048669551856,highway
1003,T_1003_1768214895,2026-01-12 16:18:15.437743,2026-01-12 20:12:20.229286,286.454981967967,highway
1003,T_1003_1768269231,2026-01-13 07:23:51.653449,2026-01-13 12:54:33.703237,403.44101848059904,highway
1003,T_1003_1768320319,2026-01-13 21:35:19.226151,2026-01-13 23:55:47.423674,185.29021538019921,highway
1003,T_1003_1768363996,2026-01-14 09:43:16.236562,2026-01-14 14:08:24.418764,174.28842478397263,highway
1003,T_1003_1768405537,2026-01-14 21:15:37.410046,2026-01-15 02:42:22.359021,343.5923272151992,highway
1003,T_1003_1768438697,2026-01-15 06:28:17.595558,2026-01-15 08:17:26.665059,57.45423108742756,city
1003,T_1003_1768458025,2026-01-15 11:50:25.183702,2026-01-15 19:11:08.530822,572.1575742017299,mixed
1003,T_1003_1768518490,2026-01-16 04:38:10.013247,2026-01-16 07:35:14.684960,218.02018646907578,city
1003,T_1003_1768571821,2026-01-16 19:27:01.491330,2026-01-17 03:19:02.420100,576.1852084638704,highway
1003,T_1003_1768607917,2026-01-17 05:28:37.042389,2026-01-17 09:29:35.587071,182.09073424055998,city
1003,T_1003_1768646786,2026-01-17 16:16:26.464233,2026-01-17 20:56:45.313999,146.52568446920878,highway
1003,T_1003_1768684721,2026-01-18 02:48:41.578573,2026-01-18 05:51:20.616528,231.28256019406928,idle
1003,T_1003_1768723614,2026-01-18 13:36:54.993376,2026-01-18 15:34:45.435101,127.20700680211044,highway
1003,T_1003_1768749097,2026-01-18 20:41:37.205575,2026-01-19 02:07:23.158632,331.7367042608691,mixed
1003,T_1003_1768798360,2026-01-19 10:22:40.969194,2026-01-19 11:34:32.658899,60.52360557176492,highway
1003,T_1003_1768823671,2026-01-19 17:24:31.588915,2026-01-19 22:36:47.278288,258.59681455753406,city
1003,T_1003_1768879020,2026-01-20 08:47:00.087678,2026-01-20 10:59:38.474321,80.46393935986626,highway
1003,T_1003_1768924301,2026-01-20 21:21:41.180080,2026-01-21 00:34:15.696744,199.78464411544942,mixed
1003,T_1003_1768978395,2026-01-21 12:23:15.279739,2026-01-21 13:27:53.943325,59.47273137841802,city
1003,T_1003_1769012200,2026-01-21 21:46:40.770196,2026-01-22 05:07:43.944101,328.7763280493616,mixed
1003,T_1003_1769047219,2026-01-22 07:30:19.070496,2026-01-22 09:32:27.971055,93.10809760923053,mixed
1003,T_1003_1769075600,2026-01-22 15:23:20.061928,2026-01-22 22:07:31.122068,478.8530221364666,highway
1003,T_1003_1769119484,2026-01-23 03:34:44.713241,2026-01-23 09:25:53.949212,276.6861022401717,highway
1003,T_1003_1769154075,2026-01-23 13:11:15.564768,2026-01-23 16:50:56.901398,125.04467584879616,idle
1003,T_1003_1769203945,2026-01-24 03:02:25.408835,2026-01-24 05:23:33.969440,104.81589377231487,city
1003,T_1003_1769236358,2026-01-24 12:02:38.527729,2026-01-24 16:23:25.940385,195.33617547389403,mixed
1003,T_1003_1769271540,2026-01-24 21:49:00.088119,2026-01-24 23:07:32.808985,77.28647699463218,highway
1003,T_1003_1769300734,2026-01-25 05:55:34.649676,2026-01-25 10:12:58.375366,340.1252344142708,city
1003,T_1003_1769331299,2026-01-25 14:24:59.662095,2026-01-25 16:06:45.306174,75.06674371293155,highway
1003,T_1003_1769373703,2026-01-26 02:11:43.076724,2026-01-26 09:42:05.163389,418.59170329995374,city
1003,T_1003_1769419439,2026-01-26 14:53:59.529587,2026-01-26 18:33:39.890383,250.07545403150235,highway
1003,T_1003_1769469519,2026-01-27 04:48:39.467352,2026-01-27 12:25:59.986883,455.96900496468106,highway
1003,T_1003_1769505105,2026-01-27 14:41:45.871054,2026-01-27 17:06:39.012897,104.12603704255301,highway
1003,T_1003_1769549547,2026-01-28 03:02:27.825402,2026-01-28 06:10:35.324590,123.52074454901631,highway
1003,T_1003_1769592940,2026-01-28 15:05:40.649829,2026-01-28 19:41:31.721239,231.56609950189087,highway
1003,T_1003_1769632136,2026-01-29 01:58:56.458977,2026-01-29 04:49:16.045354,131.59216716282862,highway
1003,T_1003_1769669221,2026-01-29 12:17:01.541274,2026-01-29 16:52:33.014042,180.80155854049036,idle
1003,T_1003_1769727048,2026-01-30 04:20:48.989662,2026-01-30 10:03:44.603424,424.67143960286324,highway
1003,T_1003_1769766527,2026-01-30 15:18:47.572187,2026-01-30 20:08:17.626537,228.4125800681324,city
1003,T_1003_1769812683,2026-01-31 04:08:03.140611,2026-01-31 07:45:24.669267,246.85407320027932,highway
1003,T_1003_1769841214,2026-01-31 12:03:34.096429,2026-01-31 17:40:21.189513,395.073840416256,mixed
1003,T_1003_1769879758,2026-01-31 22:45:58.812723,2026-02-01 03:00:30.991583,128.8649773484067,highway
1003,T_1003_1769928756,2026-02-01 12:22:36.001661,2026-02-01 18:57:25.932196,246.4685172667749,highway
1003,T_1003_1769988670,2026-02-02 05:01:10.604982,2026-02-02 11:52:01.626045,212.20189679763263,mixed
1003,T_1003_1770037109,2026-02-02 18:28:29.010693,2026-02-02 20:05:04.151145,58.410378099606014,highway
1003,T_1003_1770077136,2026-02-03 05:35:36.966109,2026-02-03 11:10:51.566771,220.44194383538021,mixed
1003,T_1003_1770120497,2026-02-03 17:38:17.888090,2026-02-03 22:04:39.427394,319.9171844313411,mixed
1003,T_1003_1770157861,2026-02-04 04:01:01.403362,2026-02-04 09:07:55.013340,338.42138480533674,highway
1003,T_1003_1770185747,2026-02-04 11:45:47.724490,2026-02-04 13:33:19.870014,54.225175369126966,highway
1004,T_1004_1767622302,2026-01-05 19:41:42.742464,2026-01-05 22:46:27.487348,123.27779650071895,highway
1004,T_1004_1767661766,2026-01-06 06:39:26.607130,2026-01-06 11:35:51.091519,202.11591285153912,highway
1004,T_1004_1767706222,2026-01-06 19:00:22.945454,2026-01-07 01:49:48.736882,307.3580144853393,highway
1004,T_1004_1767760384,2026-01-07 10:03:04.074253,2026-01-07 17:22:39.857322,561.5846874276677,mixed
1004,T_1004_1767798715,2026-01-07 20:41:55.941220,2026-01-08 02:10:25.009763,355.22158234060623,highway
1004,T_1004_1767855297,2026-01-08 12:24:57.560351,2026-01-08 17:53:35.036065,216.4276221728298,city
1004,T_1004_1767916669,2026-01-09 05:27:49.843736,2026-01-09 11:03:43.505708,405.203761334109,highway
1004,T_1004_1767951076,2026-01-09 15:01:16.884280,2026-01-09 20:25:57.211316,239.10774436416798,highway
1004,T_1004_1767999867,2026-01-10 04:34:27.870689,2026-01-10 08:22:23.620234,254.3908064593322,highway
1004,T_1004_1768040053,2026-01-10 15:44:13.077948,2026-01-10 21:40:53.764201,189.31813503318608,highway
1004,T_1004_1768079975,2026-01-11 02:49:35.850495,2026-01-11 09:15:28.033416,326.49249294554136,mixed
1004,T_1004_1768117537,2026-01-11 13:15:37.485929,2026-01-11 17:41:54.724194,140.7954024599322,city
1004,T_1004_1768142423,2026-01-11 20:10:23.209371,2026-01-11 23:54:28.247248,284.73710836501675,highway
1004,T_1004_1768185232,2026-01-12 08:03:52.529647,2026-01-12 13:00:45.846990,352.9006629034667,mixed
1004,T_1004_1768214755,2026-01-12 16:15:55.960964,2026-01-12 22:04:52.027877,341.64043635636204,highway
1004,T_1004_1768258207,2026-01-13 04:20:07.401549,2026-01-13 11:21:27.542550,211.77890017488534,city
1004,T_1004_1768318366,2026-01-13 21:02:46.152426,2026-01-14 03:29:28.439902,278.24153034601864,highway
1004,T_1004_1768357536,2026-01-14 07:55:36.932993,2026-01-14 12:24:37.842986,264.13118819135997,highway
1004,T_1004_1768413483,2026-01-14 23:28:03.194704,2026-01-15 05:55:59.749857,484.2756239621077,mixed
1004,T_1004_1768475203,2026-01-15 16:36:43.605119,2026-01-15 21:02:16.132616,227.09951033479936,highway
1004,T_1004_1768510782,2026-01-16 02:29:42.768904,2026-01-16 07:44:46.606364,405.5373115455259,city
1004,T_1004_1768566443,2026-01-16 17:57:23.063933,2026-01-17 00:54:48.732700,274.4748738684955,city
1004,T_1004_1768625715,2026-01-17 10:25:15.400112,2026-01-17 16:40:00.430762,438.29932198168365,highway
1004,T_1004_1768686066,2026-01-18 03:11:06.698116,2026-01-18 07:56:22.751935,324.68335935502915,highway
1004,T_1004_1768740970,2026-01-18 18:26:10.858625,2026-01-18 19:45:29.492650,105.5034065631789,highway
1004,T_1004_1768783126,2026-01-19 06:08:46.507593,2026-01-19 13:57:55.443614,596.6250436192585,mixed
1004,T_1004_1768849781,2026-01-20 00:39:41.294346,2026-01-20 03:31:15.650297,138.45420442464467,city
1004,T_1004_1768893745,2026-01-20 12:52:25.546852,2026-01-20 17:20:49.077022,352.15707254037227,highway
1004,T_1004_1768929455,2026-01-20 22:47:35.516715,2026-01-21 03:55:53.892672,386.8981758734403,city
1004,T_1004_1768981020,2026-01-21 13:07:00.118061,2026-01-21 16:53:37.552242,256.6152466984937,highway
1004,T_1004_1769017099,2026-01-21 23:08:19.919554,2026-01-22 06:54:28.073558,404.82717849123014,city
1004,T_1004_1769075592,2026-01-22 15:23:12.081350,2026-01-22 22:00:43.420585,492.4152693838705,idle
1004,T_1004_1769137652,2026-01-23 08:37:32.421799,2026-01-23 14:58:13.856298,298.87469422413466,idle
1004,T_1004_1769194158,2026-01-24 00:19:18.547187,2026-01-24 02:14:39.648249,63.79060849597078,highway
1004,T_1004_1769232569,2026-01-24 10:59:29.727060,2026-01-24 17:28:03.037197,463.11338360056345,mixed
1004,T_1004_1769295547,2026-01-25 04:29:07.951454,2026-01-25 07:10:36.664293,161.82084928854331,city
1004,T_1004_1769329858,2026-01-25 14:00:58.725352,2026-01-25 20:33:29.745780,457.19051699800065,highway
1004,T_1004_1769374342,2026-01-26 02:22:22.961492,2026-01-26 09:11:05.778276,281.4989265701972,highway
1004,T_1004_1769412433,2026-01-26 12:57:13.682306,2026-01-26 17:14:10.022549,279.6826446384688,city
1004,T_1004_1769452618,2026-01-27 00:06:58.572803,2026-01-27 07:33:53.764685,560.7424907958773,highway
1004,T_1004_1769507558,2026-01-27 15:22:38.208278,2026-01-27 18:11:16.713530,107.51225569736334,city
1004,T_1004_1769529207,2026-01-27 21:23:27.085224,2026-01-28 01:55:27.162889,358.25414461145846,highway
1004,T_1004_1769569284,2026-01-28 08:31:24.659738,2026-01-28 12:23:46.628767,165.22424367931717,highway
1004,T_1004_1769606799,2026-01-28 18:56:39.491680,2026-01-28 22:07:25.283247,187.93119552422152,highway
1004,T_1004_1769661129,2026-01-29 10:02:09.511228,2026-01-29 17:35:13.392207,587.7136690481773,highway
1004,T_1004_1769731238,2026-01-30 05:30:38.432259,2026-01-30 10:07:46.164336,341.6490906474766,highway
1004,T_1004_1769785006,2026-01-30 20:26:46.656258,2026-01-31 00:34:56.022462,268.3343563345254,city
1004,T_1004_1769841146,2026-01-31 12:02:26.165650,2026-01-31 16:02:43.759865,134.0665892030112,highway
1004,T_1004_1769888727,2026-02-01 01:15:27.880517,2026-02-01 04:37:00.487926,176.9419137288817,city
1004,T_1004_1769922772,2026-02-01 10:42:52.715847,2026-02-01 11:46:00.940488,58.25902068323298,highway
1004,T_1004_1769966475,2026-02-01 22:51:15.799036,2026-02-02 04:59:01.408022,221.5732351389606,highway
1004,T_1004_1769998618,2026-02-02 07:46:58.504929,2026-02-02 15:31:58.646518,596.6409551220252,highway
1004,T_1004_1770047946,2026-02-02 21:29:06.297045,2026-02-03 04:39:57.910009,422.4099227185788,mixed
1004,T_1004_1770099819,2026-02-03 11:53:39.806992,2026-02-03 16:21:02.375384,149.21965669537036,highway
1004,T_1004_1770135932,2026-02-03 21:55:32.296759,2026-02-04 04:16:02.539490,431.20998894624614,highway
1004,T_1004_1770182239,2026-02-04 10:47:19.177164,2026-02-04 12:50:18.499285,86.07048374159801,city
1004,T_1004_1770210156,2026-02-04 18:32:36.149806,2026-02-05 02:23:34.466319,324.3233890770788,city
1005,T_1005_1767622302,2026-01-05 19:41:42.773318,2026-01-05 21:14:23.589073,111.1814906059706,city
1005,T_1005_1767639180,2026-01-06 00:23:00.449692,2026-01-06 02:57:31.440388,107.67538225499408,highway
1005,T_1005_1767669866,2026-01-06 08:54:26.707069,2026-01-06 11:38:20.855097,107.885973046017,city
1005,T_1005_1767693566,2026-01-06 15:29:26.209133,2026-01-06 21:26:27.064360,430.5269574999465,highway
1005,T_1005_1767742662,2026-01-07 05:07:42.416680,2026-01-07 08:13:34.857861,121.28094591508584,highway
1005,T_1005_1767766026,2026-01-07 11:37:06.931484,2026-01-07 17:48:47.764074,206.2609487093536,mixed
1005,T_1005_1767804898,2026-01-07 22:24:58.868036,2026-01-08 00:27:19.306160,137.87912939918564,city
1005,T_1005_1767832444,2026-01-08 06:04:04.436409,2026-01-08 07:28:54.058297,69.16161940077978,highway
1005,T_1005_1767865050,2026-01-08 15:07:30.061302,2026-01-08 22:52:45.993164,356.5622233021115,highway
1005,T_1005_1767921317,2026-01-09 06:45:17.568895,2026-01-09 11:46:04.451212,252.49781719778707,mixed
1005,T_1005_1767974611,2026-01-09 21:33:31.592240,2026-01-10 00:34:06.817851,168.84584600815214,highway
1005,T_1005_1768018720,2026-01-10 09:48:40.504299,2026-01-10 14:09:35.037748,177.10827375162148,highway
1005,T_1005_1768075694,2026-01-11 01:38:14.191296,2026-01-11 08:32:22.998907,502.1648478891705,highway
1005,T_1005_1768140769,2026-01-11 19:42:49.006689,2026-01-12 00:09:38.023871,136.53162794517374,idle
1005,T_1005_1768189695,2026-01-12 09:18:15.677192,2026-01-12 14:27:07.500237,299.66169749416815,city
1005,T_1005_1768240153,2026-01-12 23:19:13.599996,2026-01-13 03:09:00.056937,224.4958567759314,highway
1005,T_1005_1768276151,2026-01-13 09:19:11.896428,2026-01-13 12:53:59.619373,283.4929952108582,city
1005,T_1005_1768328452,2026-01-13 23:50:52.244485,2026-01-14 01:48:21.038849,126.11765674788234,highway
1005,T_1005_1768367220,2026-01-14 10:37:00.670989,2026-01-14 13:45:14.746372,126.47231775065057,highway
1005,T_1005_1768413276,2026-01-14 23:24:36.340276,2026-01-15 01:06:51.247488,116.90605181742133,city
1005,T_1005_1768446697,2026-01-15 08:41:37.855040,2026-01-15 14:29:10.427985,424.8097319152097,highway
1005,T_1005_1768497905,2026-01-15 22:55:05.066002,2026-01-16 04:54:54.927653,191.67574714729224,highway
1005,T_1005_1768557182,2026-01-16 15:23:02.378172,2026-01-16 18:42:45.274314,179.0117887381643,highway
1005,T_1005_1768599824,2026-01-17 03:13:44.819603,2026-01-17 07:16:01.009698,200.2798177348396,highway
1005,T_1005_1768648788,2026-01-17 16:49:48.719392,2026-01-17 20:46:21.211985,123.87621142480468,city
1005,T_1005_1768676600,2026-01-18 00:33:20.272130,2026-01-18 02:41:56.485121,82.46259831182782,highway
1005,T_1005_1768710960,2026-01-18 10:06:00.456827,2026-01-18 15:47:22.728346,335.4914517684859,mixed
1005,T_1005_1768773552,2026-01-19 03:29:12.541133,2026-01-19 09:31:30.369032,374.00365735341046,highway
1005,T_1005_1768833940,2026-01-19 20:15:40.237402,2026-01-20 03:01:28.395132,455.26562026255004,mixed
1005,T_1005_1768872455,2026-01-20 06:57:35.117293,2026-01-20 13:38:48.410535,499.9288644082957,mixed
1005,T_1005_1768928213,2026-01-20 22:26:53.633898,2026-01-21 03:50:20.276237,359.96006966144574,highway
1005,T_1005_1768955721,2026-01-21 06:05:21.224923,2026-01-21 08:07:50.088881,112.03452540826707,highway
1005,T_1005_1768981559,2026-01-21 13:15:59.509617,2026-01-21 19:41:50.789362,225.00774304015675,city
1005,T_1005_1769044112,2026-01-22 06:38:32.220083,2026-01-22 09:32:53.821878,93.29975669558911,city
1005,T_1005_1769092304,2026-01-22 20:01:44.917872,2026-01-23 00:29:55.191579,276.0768077566799,highway
1005,T_1005_1769148823,2026-01-23 11:43:43.817684,2026-01-23 18:20:51.133778,209.845952147284,highway
1005,T_1005_1769183619,2026-01-23 21:23:39.347335,2026-01-23 22:30:28.178618,75.21854572120344,mixed
1005,T_1005_1769209147,2026-01-24 04:29:07.583234,2026-01-24 11:43:11.741285,506.5528539382115,city
1005,T_1005_1769245810,2026-01-24 14:40:10.769800,2026-01-24 20:55:57.304736,297.2680846207864,city
1005,T_1005_1769308776,2026-01-25 08:09:36.570873,2026-01-25 14:11:30.929433,272.101078717948,mixed
1005,T_1005_1769356811,2026-01-25 21:30:11.900764,2026-01-26 00:12:10.835146,201.76744442564993,mixed
1005,T_1005_1769400663,2026-01-26 09:41:03.482759,2026-01-26 13:28:30.495079,129.61118789126635,highway
1005,T_1005_1769425314,2026-01-26 16:31:54.659537,2026-01-26 21:58:08.460978,210.79481013553172,highway
1005,T_1005_1769487557,2026-01-27 09:49:17.320394,2026-01-27 17:18:38.537222,319.4312314505881,highway
1005,T_1005_1769555780,2026-01-28 04:46:20.952006,2026-01-28 09:23:02.295564,308.68025855408644,city
1005,T_1005_1769590982,2026-01-28 14:33:02.992294,2026-01-28 19:32:26.495241,372.2741019189795,city
1005,T_1005_1769619196,2026-01-28 22:23:16.426323,2026-01-29 01:01:41.398532,185.2520681060874,city
1005,T_1005_1769644927,2026-01-29 05:32:07.578284,2026-01-29 08:47:17.434438,131.15709666094358,idle
1005,T_1005_1769672358,2026-01-29 13:09:18.681699,2026-01-29 20:21:36.745584,543.4486028262311,idle
1005,T_1005_1769708071,2026-01-29 23:04:31.597808,2026-01-30 03:46:51.965046,290.2121136052566,city
1005,T_1005_1769737790,2026-01-30 07:19:50.500122,2026-01-30 15:01:48.955010,246.14351618613426,highway
1005,T_1005_1769803156,2026-01-31 01:29:16.931496,2026-01-31 09:05:29.423105,341.4719237902813,highway
1005,T_1005_1769868607,2026-01-31 19:40:07.866303,2026-02-01 01:12:45.029226,436.31941678963125,city
1005,T_1005_1769900105,2026-02-01 04:25:05.749571,2026-02-01 09:52:50.716193,368.50623662935743,city
1005,T_1005_1769929696,2026-02-01 12:38:16.215417,2026-02-01 17:39:37.266205,292.92759526574787,city
1005,T_1005_1769956417,2026-02-01 20:03:37.653118,2026-02-01 22:01:49.154762,131.34469028244538,idle
1005,T_1005_1769989039,2026-02-02 05:07:19.750569,2026-02-02 10:06:11.130863,261.19435563300493,highway
1005,T_1005_1770022028,2026-02-02 14:17:08.852050,2026-02-02 15:42:22.984969,66.29563777961371,city
1005,T_1005_1770046092,2026-02-02 20:58:12.800745,2026-02-03 03:55:39.567536,548.4055488381579,mixed
1005,T_1005_1770082618,2026-02-03 07:06:58.414382,2026-02-03 08:27:33.976503,69.72720812651585,highway
1005,T_1005_1770114753,2026-02-03 16:02:33.786257,2026-02-03 18:33:32.388300,129.0880159026147,city
1005,T_1005_1770131095,2026-02-03 20:34:55.649329,2026-02-04 02:59:37.462940,491.0136566089169,mixed
1005,T_1005_1770175569,2026-02-04 08:56:09.358620,2026-02-04 10:50:31.414975,114.42994244095394,city
1005,T_1005_1770213943,2026-02-04 19:35:43.883395,2026-02-04 23:08:43.038862,165.38272348216597,mixed
1006,T_1006_1767622302,2026-01-05 19:41:42.805665,2026-01-05 23:02:57.130727,171.27747892245395,highway
1006,T_1006_1767645774,2026-01-06 02:12:54.334362,2026-01-06 04:25:39.707494,139.48346493651886,highway
1006,T_1006_1767696256,2026-01-06 16:14:16.441539,2026-01-07 00:09:34.979628,631.3398573233094,highway
1006,T_1006_1767759397,2026-01-07 09:46:37.227375,2026-01-07 14:09:31.269154,286.6921946237422,highway
1006,T_1006_1767800593,2026-01-07 21:13:13.649049,2026-01-08 04:17:52.295354,237.22720458415017,city
1006,T_1006_1767860786,2026-01-08 13:56:26.649085,2026-01-08 20:35:36.428078,205.70167890487397,idle
1006,T_1006_1767909866,2026-01-09 03:34:26.870880,2026-01-09 08:58:43.808326,231.41318624137523,mixed
1006,T_1006_1767950162,2026-01-09 14:46:02.317675,2026-01-09 21:23:08.294116,253.4005589976739,highway
1006,T_1006_1768007803,2026-01-10 06:46:43.754651,2026-01-10 14:36:26.991618,301.84755551620333,mixed
1006,T_1006_1768076713,2026-01-11 01:55:13.355352,2026-01-11 09:42:26.453740,549.7816116417198,mixed
1006,T_1006_1768134273,2026-01-11 17:54:33.314442,2026-01-11 22:06:49.170700,286.6431073838065,city
1006,T_1006_1768168831,2026-01-12 03:30:31.462260,2026-01-12 09:55:28.660727,250.66654841190123,highway
1006,T_1006_1768232930,2026-01-12 21:18:50.598201,2026-01-12 23:26:52.355338,134.20971105148104,highway
1006,T_1006_1768271128,2026-01-13 07:55:28.550187,2026-01-13 15:06:33.724235,256.60660727131614,mixed
1006,T_1006_1768333067,2026-01-14 01:07:47.137382,2026-01-14 08:29:13.599592,480.9047367670395,highway
1006,T_1006_1768368925,2026-01-14 11:05:25.926796,2026-01-14 17:09:05.300051,420.0665955192526,highway
1006,T_1006_1768419285,2026-01-15 01:04:45.262797,2026-01-15 08:11:39.455172,458.3603500115699,city
1006,T_1006_1768457188,2026-01-15 11:36:28.597406,2026-01-15 13:08:40.780150,50.699146382761924,highway
1006,T_1006_1768470631,2026-01-15 15:20:31.308007,2026-01-15 20:34:22.903656,195.4857204412179,city
1006,T_1006_1768517957,2026-01-16 04:29:17.732117,2026-01-16 09:32:36.557471,303.62848567133443,mixed
1006,T_1006_1768565507,2026-01-16 17:41:47.903615,2026-01-17 00:41:51.660794,441.1468432421091,city
1006,T_1006_1768600905,2026-01-17 03:31:45.695809,2026-01-17 11:00:29.602249,397.76602877813446,highway
1006,T_1006_1768656738,2026-01-17 19:02:18.154370,2026-01-18 00:55:33.809531,467.1954345922003,city
1006,T_1006_1768703982,2026-01-18 08:09:42.318610,2026-01-18 09:18:37.771206,90.43443621489754,mixed
1006,T_1006_1768742779,2026-01-18 18:56:19.589307,2026-01-18 22:51:32.012747,233.8856887230594,highway
1006,T_1006_1768774825,2026-01-19 03:50:25.990402,2026-01-19 11:03:31.839232,358.9135598764627,highway
1006,T_1006_1768818275,2026-01-19 15:54:35.348874,2026-01-19 22:52:40.635929,258.5054227865501,highway
1006,T_1006_1768858595,2026-01-20 03:06:35.552753,2026-01-20 08:47:24.079647,338.70512099163767,highway
1006,T_1006_1768910909,2026-01-20 17:38:29.355015,2026-01-20 20:37:32.626991,238.3704373792143,mixed
1006,T_1006_1768957371,2026-01-21 06:32:51.059128,2026-01-21 07:57:54.458217,75.66460750900927,city
1006,T_1006_1768971590,2026-01-21 10:29:50.376245,2026-01-21 16:15:42.282808,226.90191413422198,mixed
1006,T_1006_1769021710,2026-01-22 00:25:10.891081,2026-01-22 07:54:25.278300,540.8849014593628,highway
1006,T_1006_1769083183,2026-01-22 17:29:43.083910,2026-01-22 19:30:50.043264,71.99085995280251,city
1006,T_1006_1769100025,2026-01-22 22:10:25.391683,2026-01-23 03:37:23.186750,367.71158120001456,mixed
1006,T_1006_1769160077,2026-01-23 14:51:17.939030,2026-01-23 19:52:03.776056,250.48081644632654,city
1006,T_1006_1769213600,2026-01-24 05:43:20.765554,2026-01-24 11:43:17.925005,475.6004940512321,mixed
1006,T_1006_1769266543,2026-01-24 20:25:43.896459,2026-01-25 02:43:39.317062,358.19469924469814,idle
1006,T_1006_1769296800,2026-01-25 04:50:00.848583,2026-01-25 10:26:08.777090,332.04804018309255,highway
1006,T_1006_1769327449,2026-01-25 13:20:49.991951,2026-01-25 15:04:12.683080,121.21100997298304,mixed
1006,T_1006_1769350124,2026-01-25 19:38:44.529430,2026-01-25 21:37:26.411928,125.31377993550487,idle
1006,T_1006_1769391321,2026-01-26 07:05:21.817688,2026-01-26 12:18:54.713273,409.18439803441566,city
1006,T_1006_1769435628,2026-01-26 19:23:48.707862,2026-01-27 00:55:56.996505,358.80894092666216,highway
1006,T_1006_1769490718,2026-01-27 10:41:58.706379,2026-01-27 15:46:48.414046,354.561155686536,city
1006,T_1006_1769551838,2026-01-28 03:40:38.213139,2026-01-28 04:51:06.714990,44.63021910842751,mixed
1006,T_1006_1769593224,2026-01-28 15:10:24.496623,2026-01-28 21:11:36.564476,408.31155568677553,highway
1006,T_1006_1769648675,2026-01-29 06:34:35.086374,2026-01-29 13:04:26.537191,356.71571299187536,highway
1006,T_1006_1769710704,2026-01-29 23:48:24.149594,2026-01-30 07:31:47.140499,503.73841497799543,mixed
1006,T_1006_1769747417,2026-01-30 10:00:17.948565,2026-01-30 16:09:50.852804,256.03734304390537,idle
1006,T_1006_1769786557,2026-01-30 20:52:37.776834,2026-01-31 04:20:33.173501,383.54136304636245,idle
1006,T_1006_1769827527,2026-01-31 08:15:27.222960,2026-01-31 16:05:05.500518,539.2370258939053,highway
1006,T_1006_1769866917,2026-01-31 19:11:57.205025,2026-02-01 02:48:06.945534,429.82648177986493,highway
1006,T_1006_1769918294,2026-02-01 09:28:14.387882,2026-02-01 11:35:22.751651,110.02712828615087,mixed
1006,T_1006_1769935529,2026-02-01 14:15:29.784266,2026-02-01 15:57:51.508250,52.298996245002975,highway
1006,T_1006_1769981482,2026-02-02 03:01:22.629341,2026-02-02 08:27:29.343716,338.06684544448325,city
1006,T_1006_1770036891,2026-02-02 18:24:51.736232,2026-02-02 23:59:00.039819,315.7237746476634,city
1006,T_1006_1770076067,2026-02-03 05:17:47.306828,2026-02-03 11:30:49.600208,410.239885952685,mixed
1006,T_1006_1770134415,2026-02-03 21:30:15.615834,2026-02-04 03:32:41.655533,436.5881463395028,mixed
1006,T_1006_1770192607,2026-02-04 13:40:07.422725,2026-02-04 16:19:20.930635,203.09217525550724,highway
1007,T_1007_1767622302,2026-01-05 19:41:42.836745,2026-01-05 21:40:33.316953,128.10869370956144,highway
1007,T_1007_1767648768,2026-01-06 03:02:48.067069,2026-01-06 09:06:37.051900,476.3440425424783,highway
1007,T_1007_1767698745,2026-01-06 16:55:45.460440,2026-01-06 21:47:31.026366,341.11536092700254,idle
1007,T_1007_1767749202,2026-01-07 06:56:42.430174,2026-01-07 09:10:41.174411,102.22745336555627,highway
1007,T_1007_1767800234,2026-01-07 21:07:14.820387,2026-01-08 02:44:42.730472,200.26135786436498,mixed
1007,T_1007_1767861455,2026-01-08 14:07:35.048034,2026-01-08 17:28:38.475162,162.91361680364182,highway
1007,T_1007_1767883815,2026-01-08 20:20:15.954041,2026-01-08 22:28:40.790776,163.31784412674028,city
1007,T_1007_1767925456,2026-01-09 07:54:16.946345,2026-01-09 14:33:35.563059,285.87596675902745,mixed
1007,T_1007_1767981190,2026-01-09 23:23:10.798433,2026-01-10 02:57:14.606790,218.30334885567882,highway
1007,T_1007_1768008582,2026-01-10 06:59:42.803913,2026-01-10 08:33:02.347954,66.7455679320201,highway
1007,T_1007_1768023724,2026-01-10 11:12:04.274075,2026-01-10 16:12:16.856700,380.9108985767538,mixed
1007,T_1007_1768072061,2026-01-11 00:37:41.756343,2026-01-11 07:09:41.666489,265.79006049760966,city
1007,T_1007_1768137251,2026-01-11 18:44:11.656934,2026-01-12 01:10:14.963062,206.3776018514806,highway
1007,T_1007_1768182943,2026-01-12 07:25:43.433091,2026-01-12 08:36:33.664658,50.17671379405367,mixed
1007,T_1007_1768194641,2026-01-12 10:40:41.603027,2026-01-12 16:08:57.166618,343.64995579554005,highway
1007,T_1007_1768255991,2026-01-13 03:43:11.506616,2026-01-13 10:12:59.874614,510.5166004849603,city
1007,T_1007_1768300768,2026-01-13 16:09:28.470523,2026-01-13 19:24:08.109691,247.15344331606698,mixed
1007,T_1007_1768332711,2026-01-14 01:01:51.688059,2026-01-14 04:05:41.945069,109.5296958371363,highway
1007,T_1007_1768368623,2026-01-14 11:00:23.567163,2026-01-14 16:27:04.270084,292.5083758069378,city
1007,T_1007_1768413906,2026-01-14 23:35:06.267443,2026-01-15 01:35:19.559528,135.52938684950288,highway
1007,T_1007_1768439225,2026-01-15 06:37:05.752320,2026-01-15 11:44:52.345065,293.3857494862533,highway
1007,T_1007_1768466561,2026-01-15 14:12:41.452874,2026-01-15 16:09:19.443453,118.03336253596075,highway
1007,T_1007_1768510941,2026-01-16 02:32:21.945273,2026-01-16 07:19:24.682274,312.99910281871826,highway
1007,T_1007_1768564701,2026-01-16 17:28:21.023855,2026-01-16 20:18:24.829997,124.39580732531947,city
1007,T_1007_1768592009,2026-01-17 01:03:29.206790,2026-01-17 07:34:16.276478,217.01791850412445,highway
1007,T_1007_1768643735,2026-01-17 15:25:35.633722,2026-01-17 21:19:02.778711,304.9290510589965,idle
1007,T_1007_1768700329,2026-01-18 07:08:49.769504,2026-01-18 14:31:37.758996,437.85535317579007,highway
1007,T_1007_1768735325,2026-01-18 16:52:05.823070,2026-01-18 21:54:33.287217,221.54701515661074,city
1007,T_1007_1768793781,2026-01-19 09:06:21.164361,2026-01-19 12:33:56.429511,230.54588229934865,highway
1007,T_1007_1768813959,2026-01-19 14:42:39.831111,2026-01-19 18:20:15.660346,178.41364645544283,highway
1007,T_1007_1768845625,2026-01-19 23:30:25.209133,2026-01-20 04:19:43.544229,184.12789272896325,highway
1007,T_1007_1768872170,2026-01-20 06:52:50.558610,2026-01-20 12:51:30.869338,183.26025170161927,city
1007,T_1007_1768915110,2026-01-20 18:48:30.263283,2026-01-20 19:54:37.298496,50.76424398672638,highway
1007,T_1007_1768947129,2026-01-21 03:42:09.284613,2026-01-21 07:07:03.741426,172.7954444495937,mixed
1007,T_1007_1768979160,2026-01-21 12:36:00.658251,2026-01-21 16:13:29.213125,122.16269106172652,highway
1007,T_1007_1769030410,2026-01-22 02:50:10.046697,2026-01-22 08:48:16.579064,278.2062149808831,idle
1007,T_1007_1769092398,2026-01-22 20:03:18.116908,2026-01-22 23:52:14.416307,269.61492312156906,idle
1007,T_1007_1769129129,2026-01-23 06:15:29.241520,2026-01-23 11:31:20.456225,263.8071465435648,highway
1007,T_1007_1769161103,2026-01-23 15:08:23.861708,2026-01-23 20:27:21.423216,327.11382522254155,idle
1007,T_1007_1769194326,2026-01-24 00:22:06.556197,2026-01-24 08:14:28.559365,579.6348302133035,city
1007,T_1007_1769257375,2026-01-24 17:52:55.496277,2026-01-24 22:56:07.021061,340.2292691154557,highway
1007,T_1007_1769307571,2026-01-25 07:49:31.834642,2026-01-25 13:59:49.524790,420.0012207931406,highway
1007,T_1007_1769352746,2026-01-25 20:22:26.073631,2026-01-26 02:43:19.328557,241.541515915899,city
1007,T_1007_1769391502,2026-01-26 07:08:22.523099,2026-01-26 13:41:32.248057,395.5956755030474,highway
1007,T_1007_1769431239,2026-01-26 18:10:39.750006,2026-01-27 00:31:17.428229,251.74984215742285,highway
1007,T_1007_1769478596,2026-01-27 07:19:56.878788,2026-01-27 13:40:59.370023,258.23022235939436,highway
1007,T_1007_1769518080,2026-01-27 18:18:00.311378,2026-01-27 22:19:54.780285,230.343927677178,highway
1007,T_1007_1769556686,2026-01-28 05:01:26.773583,2026-01-28 06:03:04.998652,44.196703591376455,idle
1007,T_1007_1769589284,2026-01-28 14:04:44.515827,2026-01-28 16:25:52.307532,161.6454638480746,city
1007,T_1007_1769617521,2026-01-28 21:55:21.980563,2026-01-28 23:52:07.500833,71.61138087922782,highway
1007,T_1007_1769638837,2026-01-29 03:50:37.184313,2026-01-29 06:49:44.056509,193.77127158681745,highway
1007,T_1007_1769666710,2026-01-29 11:35:10.245041,2026-01-29 17:46:42.940305,478.1322997618386,highway
1007,T_1007_1769704513,2026-01-29 22:05:13.428078,2026-01-30 05:18:00.911628,387.66511684166215,city
1007,T_1007_1769738695,2026-01-30 07:34:55.542663,2026-01-30 10:58:10.497987,131.25235650365198,city
1007,T_1007_1769762823,2026-01-30 14:17:03.170256,2026-01-30 15:39:15.822061,48.25205078336583,highway
1007,T_1007_1769801302,2026-01-31 00:58:22.889145,2026-01-31 03:12:52.531406,137.34874865181445,mixed
1007,T_1007_1769838361,2026-01-31 11:16:01.293817,2026-01-31 15:53:23.239052,229.1940018686642,city
1007,T_1007_1769864882,2026-01-31 18:38:02.698487,2026-01-31 22:30:46.377006,300.0482016796676,highway
1007,T_1007_1769903184,2026-02-01 05:16:24.789989,2026-02-01 10:52:33.240696,250.91512462568065,highway
1007,T_1007_1769930802,2026-02-01 12:56:42.826628,2026-02-01 14:13:12.571451,93.89631388550578,idle
1007,T_1007_1769975781,2026-02-02 01:26:21.609332,2026-02-02 06:54:29.550620,400.32017879310297,idle
1007,T_1007_1770019853,2026-02-02 13:40:53.510829,2026-02-02 14:51:12.751579,73.4759612417338,mixed
1007,T_1007_1770037934,2026-02-02 18:42:14.829420,2026-02-03 01:48:57.900325,401.2274065517928,mixed
1007,T_1007_1770097550,2026-02-03 11:15:50.908213,2026-02-03 14:26:06.318122,196.92953741788054,city
1007,T_1007_1770148832,2026-02-04 01:30:32.998183,2026-02-04 06:44:54.825371,395.4649308685127,city
1007,T_1007_1770184356,2026-02-04 11:22:36.116071,2026-02-04 12:33:50.462637,40.69569043113244,city
1007,T_1007_1770212714,2026-02-04 19:15:14.732321,2026-02-04 21:32:08.737373,103.92345541619368,city
1008,T_1008_1767622302,2026-01-05 19:41:42.866483,2026-01-05 23:47:24.954269,175.50267732071356,highway
1008,T_1008_1767646764,2026-01-06 02:29:24.623854,2026-01-06 08:01:10.875639,332.9551941096334,city
1008,T_1008_1767706529,2026-01-06 19:05:29.206527,2026-01-06 20:23:11.489901,71.74563824415213,mixed
1008,T_1008_1767719427,2026-01-06 22:40:27.819322,2026-01-07 04:12:22.743739,268.44710559569006,mixed
1008,T_1008_1767749665,2026-01-07 07:04:25.382670,2026-01-07 14:54:14.092792,413.7423428584454,mixed
1008,T_1008_1767794171,2026-01-07 19:26:11.088518,2026-01-08 00:14:48.452615,165.86728719430945,city
1008,T_1008_1767820629,2026-01-08 02:47:09.836365,2026-01-08 08:03:26.264037,311.2124938143315,mixed
1008,T_1008_1767880757,2026-01-08 19:29:17.636944,2026-01-09 01:52:54.110786,474.61323927295746,city
1008,T_1008_1767932936,2026-01-09 09:58:56.355906,2026-01-09 17:28:03.328471,574.6171011522259,mixed
1008,T_1008_1767975709,2026-01-09 21:51:49.121559,2026-01-10 04:22:13.310642,244.78853869392606,mixed
1008,T_1008_1768023294,2026-01-10 11:04:54.961598,2026-01-10 14:47:01.507671,184.18909175539736,city
1008,T_1008_1768054006,2026-01-10 19:36:46.678256,2026-01-11 00:31:01.713863,217.54223401610943,highway
1008,T_1008_1768111561,2026-01-11 11:36:01.086521,2026-01-11 18:06:09.669548,483.5709520210097,highway
1008,T_1008_1768163619,2026-01-12 02:03:39.839481,2026-01-12 04:46:26.001033,81.41182108649208,idle
1008,T_1008_1768215142,2026-01-12 16:22:22.173121,2026-01-12 21:59:15.371761,345.7107084189929,highway
1008,T_1008_1768267554,2026-01-13 06:55:54.534699,2026-01-13 08:56:39.867287,104.01076783277166,city
1008,T_1008_1768289203,2026-01-13 12:56:43.824443,2026-01-13 16:44:48.524978,130.16898229329485,idle
1008,T_1008_1768342637,2026-01-14 03:47:17.147599,2026-01-14 10:46:20.754498,494.9650714420826,city
1008,T_1008_1768398399,2026-01-14 19:16:39.396987,2026-01-14 22:11:26.086849,150.76384523763267,highway
1008,T_1008_1768421279,2026-01-15 01:37:59.385741,2026-01-15 07:53:15.070122,382.55382035679884,highway
1008,T_1008_1768464873,2026-01-15 13:44:33.226796,2026-01-15 18:59:52.503944,236.02950946691394,city
1008,T_1008_1768500902,2026-01-15 23:45:02.128282,2026-01-16 02:51:27.112139,229.65107071828595,highway
1008,T_1008_1768536387,2026-01-16 09:36:27.276486,2026-01-16 15:44:57.911560,351.4874496312224,highway
1008,T_1008_1768574876,2026-01-16 20:17:56.889836,2026-01-16 23:17:26.160637,214.9532404350292,mixed
1008,T_1008_1768616810,2026-01-17 07:56:50.280616,2026-01-17 14:37:42.289561,425.5117083050772,city
1008,T_1008_1768683824,2026-01-18 02:33:44.423659,2026-01-18 06:24:01.582418,144.29570266988782,highway
1008,T_1008_1768723682,2026-01-18 13:38:02.774170,2026-01-18 16:24:47.917161,129.7889018703737,highway
1008,T_1008_1768750157,2026-01-18 20:59:17.013043,2026-01-19 03:31:14.367329,517.0994785250709,highway
1008,T_1008_1768788048,2026-01-19 07:30:48.712003,2026-01-19 14:05:02.317575,274.6673955436206,highway
1008,T_1008_1768819875,2026-01-19 16:21:15.491077,2026-01-19 21:57:31.232900,442.06415007789775,highway
1008,T_1008_1768849384,2026-01-20 00:33:04.350790,2026-01-20 02:58:15.644608,155.84684763821414,city
1008,T_1008_1768871134,2026-01-20 06:35:34.847955,2026-01-20 08:15:34.307807,58.72396522002063,highway
1008,T_1008_1768914292,2026-01-20 18:34:52.947550,2026-01-20 23:42:48.832259,393.9667102776709,city
1008,T_1008_1768962800,2026-01-21 08:03:20.814603,2026-01-21 13:57:02.427317,261.2637544745627,mixed
1008,T_1008_1769005861,2026-01-21 20:01:01.994371,2026-01-22 02:14:20.301476,285.8556723019232,city
1008,T_1008_1769061061,2026-01-22 11:21:01.390457,2026-01-22 13:07:56.641733,83.11231428772543,highway
1008,T_1008_1769077567,2026-01-22 15:56:07.778938,2026-01-22 21:05:32.553621,165.68047721687304,city
1008,T_1008_1769121076,2026-01-23 04:01:16.792984,2026-01-23 06:46:39.343260,181.5494461607318,idle
1008,T_1008_1769170907,2026-01-23 17:51:47.508708,2026-01-23 23:28:26.265607,385.2201453889313,highway
1008,T_1008_1769200859,2026-01-24 02:10:59.128366,2026-01-24 03:14:20.690283,74.04676428352235,highway
1008,T_1008_1769213418,2026-01-24 05:40:18.206822,2026-01-24 06:42:11.939657,45.12965275913768,highway
1008,T_1008_1769243520,2026-01-24 14:02:00.326768,2026-01-24 20:03:17.536648,351.6213464517194,mixed
1008,T_1008_1769297028,2026-01-25 04:53:48.449105,2026-01-25 11:57:52.507501,262.31203579108313,city
1008,T_1008_1769341742,2026-01-25 17:19:02.362583,2026-01-26 00:59:16.439255,432.59318930169724,idle
1008,T_1008_1769388887,2026-01-26 06:24:47.056448,2026-01-26 09:50:31.984446,259.4128117367458,city
1008,T_1008_1769414479,2026-01-26 13:31:19.836570,2026-01-26 15:03:40.126279,78.59627463501153,city
1008,T_1008_1769447654,2026-01-26 22:44:14.131330,2026-01-27 05:07:44.504840,352.1061787424731,city
1008,T_1008_1769478749,2026-01-27 07:22:29.180061,2026-01-27 09:08:47.070436,71.03195790611308,city
1008,T_1008_1769526700,2026-01-27 20:41:40.584587,2026-01-27 21:42:37.640691,37.571329962209276,city
1008,T_1008_1769557558,2026-01-28 05:15:58.692891,2026-01-28 07:05:18.048203,105.62586375113494,idle
1008,T_1008_1769599395,2026-01-28 16:53:15.541662,2026-01-28 21:44:49.944649,367.21693508662884,city
1008,T_1008_1769659422,2026-01-29 09:33:42.393976,2026-01-29 10:46:40.352954,69.98288014787832,highway
1008,T_1008_1769695805,2026-01-29 19:40:05.912852,2026-01-29 23:36:07.896820,129.17750741290212,highway
1008,T_1008_1769737919,2026-01-30 07:21:59.164647,2026-01-30 10:09:00.121743,128.29439241951482,idle
1008,T_1008_1769783365,2026-01-30 19:59:25.659392,2026-01-31 00:37:03.219459,168.11506967434048,mixed
1008,T_1008_1769840243,2026-01-31 11:47:23.795851,2026-01-31 15:35:20.701274,208.42625341281754,city
1008,T_1008_1769886163,2026-02-01 00:32:43.949029,2026-02-01 04:36:02.496108,150.6959355785491,highway
1008,T_1008_1769940139,2026-02-01 15:32:19.086251,2026-02-01 23:10:53.885666,598.8357085459185,city
1008,T_1008_1769986229,2026-02-02 04:20:29.822505,2026-02-02 08:49:55.476039,247.52333424772883,city
1008,T_1008_1770018168,2026-02-02 13:12:48.948345,2026-02-02 18:02:30.765331,369.53450641889475,mixed
1008,T_1008_1770062191,2026-02-03 01:26:31.659653,2026-02-03 09:00:00.949893,257.13050090725454,city
1008,T_1008_1770124688,2026-02-03 18:48:08.012917,2026-02-03 20:05:40.727358,92.4966275036438,city
1008,T_1008_1770141733,2026-02-03 23:32:13.153956,2026-02-04 01:11:16.115334,51.499821872808035,city
1008,T_1008_1770178749,2026-02-04 09:49:09.757849,2026-02-04 11:21:44.716319,69.29544340477463,highway
1008,T_1008_1770192280,2026-02-04 13:34:40.802467,2026-02-04 15:20:33.485456,119.17112847678492,mixed
1009,T_1009_1767622302,2026-01-05 19:41:42.898990,2026-01-06 02:49:35.877581,376.63642846333363,highway
1009,T_1009_1767683706,2026-01-06 12:45:06.738554,2026-01-06 15:16:37.313168,149.2099618246912,highway
1009,T_1009_1767711569,2026-01-06 20:29:29.507787,2026-01-07 03:56:20.091262,316.01301005965234,highway
1009,T_1009_1767773694,2026-01-07 13:44:54.025448,2026-01-07 19:22:16.911680,391.4919820163423,highway
1009,T_1009_1767831829,2026-01-08 05:53:49.659157,2026-01-08 08:11:40.233055,105.26485936225174,highway
1009,T_1009_1767859906,2026-01-08 13:41:46.654118,2026-01-08 16:28:05.295823,165.05639680031135,idle
1009,T_1009_1767894520,2026-01-08 23:18:40.597852,2026-01-09 00:50:35.362253,67.01503213415099,city
1009,T_1009_1767915009,2026-01-09 05:00:09.617296,2026-01-09 08:55:46.512402,300.74740720598277,highway
1009,T_1009_1767948906,2026-01-09 14:25:06.221579,2026-01-09 20:47:07.397801,320.00997556520656,city
1009,T_1009_1767998049,2026-01-10 04:04:09.231384,2026-01-10 05:52:25.119100,87.49556267537376,highway
1009,T_1009_1768035524,2026-01-10 14:28:44.209773,2026-01-10 22:02:58.274535,249.28276174974044,idle
1009,T_1009_1768075182,2026-01-11 01:29:42.790627,2026-01-11 08:15:35.924804,387.7481939424152,city
1009,T_1009_1768109371,2026-01-11 10:59:31.520750,2026-01-11 17:52:21.336428,422.2233247448581,highway
1009,T_1009_1768149680,2026-01-11 22:11:20.894258,2026-01-12 03:52:15.946259,394.52439597237907,mixed
1009,T_1009_1768205561,2026-01-12 13:42:41.988597,2026-01-12 14:51:52.830416,78.09989246494997,mixed
1009,T_1009_1768247456,2026-01-13 01:20:56.078076,2026-01-13 07:59:45.992918,217.8242469689754,mixed
1009,T_1009_1768306755,2026-01-13 17:49:15.940509,2026-01-13 20:01:41.463274,158.90919539980572,city
1009,T_1009_1768348503,2026-01-14 05:25:03.634337,2026-01-14 10:12:19.344976,285.67966824969324,city
1009,T_1009_1768395042,2026-01-14 18:20:42.808279,2026-01-14 23:39:26.552690,278.68435257744153,mixed
1009,T_1009_1768433931,2026-01-15 05:08:51.496914,2026-01-15 12:04:06.430133,479.3866175277449,mixed
1009,T_1009_1768478946,2026-01-15 17:39:06.016500,2026-01-15 22:51:22.471688,181.96370699462088,highway
1009,T_1009_1768523643,2026-01-16 06:04:03.458157,2026-01-16 10:28:05.550923,150.53957367099736,highway
1009,T_1009_1768581944,2026-01-16 22:15:44.461217,2026-01-17 02:41:56.263621,202.0479919088161,highway
1009,T_1009_1768606811,2026-01-17 05:10:11.756662,2026-01-17 06:17:20.321624,61.32121176641392,mixed
1009,T_1009_1768637765,2026-01-17 13:46:05.029996,2026-01-17 19:48:40.541234,264.2878181484117,highway
1009,T_1009_1768676156,2026-01-18 00:25:56.033764,2026-01-18 04:56:12.420241,245.48989115707892,highway
1009,T_1009_1768724137,2026-01-18 13:45:37.387196,2026-01-18 17:47:15.328844,276.51148456119,highway
1009,T_1009_1768762939,2026-01-19 00:32:19.187993,2026-01-19 07:03:54.841642,297.1746811459324,city
1009,T_1009_1768815754,2026-01-19 15:12:34.093877,2026-01-19 20:27:06.724776,378.1290063383557,idle
1009,T_1009_1768846567,2026-01-19 23:46:07.950237,2026-01-20 03:08:29.476685,265.8859842645141,city
1009,T_1009_1768888736,2026-01-20 11:28:56.132791,2026-01-20 14:52:49.977270,234.19522333282464,mixed
1009,T_1009_1768941287,2026-01-21 02:04:47.594776,2026-01-21 08:27:42.517964,218.2035712933454,mixed
1009,T_1009_1768996087,2026-01-21 17:18:07.661111,2026-01-21 21:12:04.011971,282.9019543378663,mixed
1009,T_1009_1769051863,2026-01-22 08:47:43.889480,2026-01-22 16:36:27.218365,491.14980420637676,city
1009,T_1009_1769107599,2026-01-23 00:16:39.849160,2026-01-23 04:51:44.099580,254.3440682991368,city
1009,T_1009_1769142925,2026-01-23 10:05:25.635141,2026-01-23 16:58:14.963693,375.7752480278423,city
1009,T_1009_1769182254,2026-01-23 21:00:54.935704,2026-01-24 04:04:02.925680,309.03455607341493,city
1009,T_1009_1769230039,2026-01-24 10:17:19.996474,2026-01-24 13:30:48.568178,198.25888609946435,city
1009,T_1009_1769269385,2026-01-24 21:13:05.264844,2026-01-24 23:12:54.045642,145.3862840947921,idle
1009,T_1009_1769308379,2026-01-25 08:02:59.568144,2026-01-25 15:21:57.685724,245.6640453349833,city
1009,T_1009_1769366638,2026-01-26 00:13:58.538344,2026-01-26 05:40:02.016532,216.12226041943583,idle
1009,T_1009_1769412901,2026-01-26 13:05:01.851755,2026-01-26 15:02:15.642371,144.11660586864338,highway
1009,T_1009_1769436270,2026-01-26 19:34:30.122040,2026-01-27 02:05:45.078101,391.3899757929975,highway
1009,T_1009_1769479416,2026-01-27 07:33:36.743135,2026-01-27 11:51:59.792826,323.2436165153715,city
1009,T_1009_1769525058,2026-01-27 20:14:18.344156,2026-01-27 22:10:17.075441,149.01727458368026,highway
1009,T_1009_1769573533,2026-01-28 09:42:13.107291,2026-01-28 15:21:28.957173,253.55263073645864,highway
1009,T_1009_1769621967,2026-01-28 23:09:27.298320,2026-01-29 03:24:05.690569,211.53837700050474,mixed
1009,T_1009_1769672623,2026-01-29 13:13:43.979862,2026-01-29 14:31:21.731950,68.54841702268445,mixed
1009,T_1009_1769716233,2026-01-30 01:20:33.221640,2026-01-30 08:52:55.485685,472.60715921535007,mixed
1009,T_1009_1769786468,2026-01-30 20:51:08.312742,2026-01-31 01:49:40.857444,252.6440589584114,highway
1009,T_1009_1769836451,2026-01-31 10:44:11.874612,2026-01-31 12:15:35.645258,109.4638668037631,highway
1009,T_1009_1769849376,2026-01-31 14:19:36.137864,2026-01-31 22:17:09.446792,541.7095663411536,city
1009,T_1009_1769912098,2026-02-01 07:44:58.071181,2026-02-01 14:36:40.343619,245.91989426537026,city
1009,T_1009_1769953408,2026-02-01 19:13:28.408374,2026-02-01 23:15:29.113372,182.21022512267407,city
1009,T_1009_1769994343,2026-02-02 06:35:43.767180,2026-02-02 12:45:12.496614,294.6124611261805,city
1009,T_1009_1770054584,2026-02-02 23:19:44.108898,2026-02-03 02:19:16.722971,239.06415349715957,highway
1009,T_1009_1770075548,2026-02-03 05:09:08.378001,2026-02-03 09:55:09.451498,257.0380470735278,mixed
1009,T_1009_1770109373,2026-02-03 14:32:53.266652,2026-02-03 22:26:03.830885,487.6001453569777,city
1009,T_1009_1770158028,2026-02-04 04:03:48.536643,2026-02-04 07:37:34.863503,217.63264644476493,city
1009,T_1009_1770193076,2026-02-04 13:47:56.659634,2026-02-04 20:46:54.079641,424.1601258759648,city
1010,T_1010_1767622302,2026-01-05 19:41:42.929098,2026-01-05 22:05:20.540285,104.88228441573501,highway
1010,T_1010_1767666818,2026-01-06 08:03:38.519812,2026-01-06 09:37:54.656976,105.40719951169336,city
1010,T_1010_1767703135,2026-01-06 18:08:55.750564,2026-01-07 01:32:51.531226,321.2589415050923,city
1010,T_1010_1767751617,2026-01-07 07:36:57.985696,2026-01-07 12:17:29.755589,296.66691718454484,mixed
1010,T_1010_1767797252,2026-01-07 20:17:32.507237,2026-01-08 00:56:20.458135,205.45264523793242,city
1010,T_1010_1767854884,2026-01-08 12:18:04.313572,2026-01-08 19:41:56.987012,453.56819455152873,highway
1010,T_1010_1767901027,2026-01-09 01:07:07.735452,2026-01-09 03:23:03.092307,131.44578974389853,highway
1010,T_1010_1767928420,2026-01-09 08:43:40.476041,2026-01-09 09:58:17.604278,50.42711326028694,mixed
1010,T_1010_1767946221,2026-01-09 13:40:21.765008,2026-01-09 17:47:27.720337,328.88272688239095,highway
1010,T_1010_1767998196,2026-01-10 04:06:36.337318,2026-01-10 11:21:18.041243,244.75260613682462,mixed
1010,T_1010_1768033092,2026-01-10 13:48:12.581951,2026-01-10 16:14:14.308577,78.40820384892909,city
1010,T_1010_1768061302,2026-01-10 21:38:22.776156,2026-01-11 02:48:18.293150,282.5028074726453,idle
1010,T_1010_1768118324,2026-01-11 13:28:44.671089,2026-01-11 18:41:33.699307,301.87218007152904,highway
1010,T_1010_1768160351,2026-01-12 01:09:11.999734,2026-01-12 05:47:00.705097,328.7084158006468,mixed
1010,T_1010_1768214767,2026-01-12 16:16:07.520549,2026-01-12 21:50:41.962672,285.62878215144116,mixed
1010,T_1010_1768265539,2026-01-13 06:22:19.615692,2026-01-13 10:51:31.425791,252.22690714840715,idle
1010,T_1010_1768314018,2026-01-13 19:50:18.903233,2026-01-14 01:12:03.388776,217.48218578403518,highway
1010,T_1010_1768354018,2026-01-14 06:56:58.396979,2026-01-14 09:09:57.352759,116.2463899152066,highway
1010,T_1010_1768390245,2026-01-14 17:00:45.543113,2026-01-14 19:04:02.020574,111.17025344955684,highway
1010,T_1010_1768416447,2026-01-15 00:17:27.719089,2026-01-15 06:10:44.309420,428.5371952721317,mixed
1010,T_1010_1768447461,2026-01-15 08:54:21.097853,2026-01-15 11:32:47.457241,157.10187861653756,highway
1010,T_1010_1768483269,2026-01-15 18:51:09.253898,2026-01-15 23:23:52.876012,341.88155814597724,highway
1010,T_1010_1768529604,2026-01-16 07:43:24.005138,2026-01-16 11:58:50.865156,188.64972717942138,highway
1010,T_1010_1768553511,2026-01-16 14:21:51.680949,2026-01-16 16:36:04.330110,96.54426090611281,highway
1010,T_1010_1768598111,2026-01-17 02:45:11.185871,2026-01-17 06:38:53.900346,239.49027135195624,highway
1010,T_1010_1768651274,2026-01-17 17:31:14.052596,2026-01-17 22:37:51.614989,213.57242283775332,city
1010,T_1010_1768683289,2026-01-18 02:24:49.240379,2026-01-18 08:48:36.212295,254.73620719192118,highway
1010,T_1010_1768743229,2026-01-18 19:03:49.487697,2026-01-18 22:55:23.215410,270.08685090807853,mixed
1010,T_1010_1768783683,2026-01-19 06:18:03.773535,2026-01-19 11:01:23.549132,264.66728374784253,idle
1010,T_1010_1768842033,2026-01-19 22:30:33.610275,2026-01-20 06:28:20.971021,255.39350526574486,highway
1010,T_1010_1768905530,2026-01-20 16:08:50.839001,2026-01-20 19:43:11.525215,231.38315819565946,mixed
1010,T_1010_1768955795,2026-01-21 06:06:35.636808,2026-01-21 13:34:18.914152,324.75082048535506,city
1010,T_1010_1769019497,2026-01-21 23:48:17.496868,2026-01-22 06:46:05.795014,479.6894285696348,city
1010,T_1010_1769086967,2026-01-22 18:32:47.964416,2026-01-22 20:41:39.859907,82.87833625905263,highway
1010,T_1010_1769126465,2026-01-23 05:31:05.634010,2026-01-23 12:13:15.762657,225.459852480182,city
1010,T_1010_1769159703,2026-01-23 14:45:03.514279,2026-01-23 22:29:03.252493,500.24040825904405,mixed
1010,T_1010_1769205827,2026-01-24 03:33:47.356534,2026-01-24 08:41:22.123328,221.3556477026603,idle
1010,T_1010_1769266327,2026-01-24 20:22:07.224044,2026-01-25 00:09:10.039376,265.6446992010395,idle
1010,T_1010_1769287518,2026-01-25 02:15:18.785686,2026-01-25 04:33:21.838642,113.8864411819668,city
1010,T_1010_1769314684,2026-01-25 09:48:04.709891,2026-01-25 11:29:35.518466,132.44283548082242,city
1010,T_1010_1769354569,2026-01-25 20:52:49.796021,2026-01-26 00:23:15.285566,160.1243703357455,city
1010,T_1010_1769382282,2026-01-26 04:34:42.333649,2026-01-26 09:22:58.312573,314.445025087507,highway
1010,T_1010_1769412250,2026-01-26 12:54:10.687283,2026-01-26 17:29:15.168525,209.9370655942545,mixed
1010,T_1010_1769464569,2026-01-27 03:26:09.490719,2026-01-27 04:54:39.452867,71.61114578089855,highway
1010,T_1010_1769494288,2026-01-27 11:41:28.004373,2026-01-27 17:55:43.388737,379.9007419092881,city
1010,T_1010_1769542619,2026-01-28 01:06:59.320889,2026-01-28 03:05:44.301344,114.45825410919258,highway
1010,T_1010_1769581740,2026-01-28 11:59:00.021349,2026-01-28 15:14:12.635628,193.77189025948655,city
1010,T_1010_1769632742,2026-01-29 02:09:02.273821,2026-01-29 09:36:09.721035,269.3437200621356,highway
1010,T_1010_1769667718,2026-01-29 11:51:58.071897,2026-01-29 16:53:43.878794,317.2198757587986,city
1010,T_1010_1769707303,2026-01-29 22:51:43.509269,2026-01-30 05:37:00.332265,473.3745233097339,idle
1010,T_1010_1769772147,2026-01-30 16:52:27.670905,2026-01-30 21:12:24.537471,196.33589756307617,highway
1010,T_1010_1769806228,2026-01-31 02:20:28.314462,2026-01-31 09:01:43.670945,439.5435353214655,city
1010,T_1010_1769867782,2026-01-31 19:26:22.572113,2026-01-31 21:11:29.605189,99.19532751587442,city
1010,T_1010_1769890113,2026-02-01 01:38:33.569525,2026-02-01 08:31:24.206483,321.82212168416123,mixed
1010,T_1010_1769941907,2026-02-01 16:01:47.567419,2026-02-01 23:37:45.890406,477.0364654745614,mixed
1010,T_1010_1769977627,2026-02-02 01:57:07.386140,2026-02-02 08:17:31.943819,308.897506399894,city
1010,T_1010_1770039773,2026-02-02 19:12:53.998034,2026-02-02 23:28:59.294617,215.79755526025085,city
1010,T_1010_1770088175,2026-02-03 08:39:35.363940,2026-02-03 11:07:35.399960,77.04664239323452,highway
1010,T_1010_1770139025,2026-02-03 22:47:05.948036,2026-02-04 01:55:17.712836,122.20381669844699,mixed
1010,T_1010_1770174234,2026-02-04 08:33:54.296698,2026-02-04 14:04:19.124386,237.01556359210093,highway
1010,T_1010_1770203137,2026-02-04 16:35:37.113184,2026-02-04 23:58:06.563037,293.14318081854094,mixed
